{"biology": {"corr": 475.0, "wrong": 242.0, "acc": 0.6624825662482566}, "total": {"corr": 475.0, "wrong": 242.0, "acc": 0.6624825662482566}}