{"business": {"corr": 503.0, "wrong": 286.0, "acc": 0.6375158428390367}, "total": {"corr": 503.0, "wrong": 286.0, "acc": 0.6375158428390367}}