{"chemistry": {"corr": 613.0, "wrong": 519.0, "acc": 0.5415194346289752}, "total": {"corr": 613.0, "wrong": 519.0, "acc": 0.5415194346289752}}