{"computer science": {"corr": 212.0, "wrong": 198.0, "acc": 0.5170731707317073}, "total": {"corr": 212.0, "wrong": 198.0, "acc": 0.5170731707317073}}