{"economics": {"corr": 537.0, "wrong": 307.0, "acc": 0.6362559241706162}, "total": {"corr": 537.0, "wrong": 307.0, "acc": 0.6362559241706162}}