{"engineering": {"corr": 309.0, "wrong": 660.0, "acc": 0.3188854489164087}, "total": {"corr": 309.0, "wrong": 660.0, "acc": 0.3188854489164087}}