{"health": {"corr": 473.0, "wrong": 339.0, "acc": 0.5825123152709359}, "total": {"corr": 473.0, "wrong": 339.0, "acc": 0.5825123152709359}}