{"law": {"corr": 445.0, "wrong": 650.0, "acc": 0.4063926940639269}, "total": {"corr": 445.0, "wrong": 650.0, "acc": 0.4063926940639269}}