{"math": {"corr": 725.0, "wrong": 626.0, "acc": 0.536639526276832}, "total": {"corr": 725.0, "wrong": 626.0, "acc": 0.536639526276832}}