{"math": {"corr": 681.0, "wrong": 586.0, "acc": 0.5374901341752171}, "total": {"corr": 681.0, "wrong": 586.0, "acc": 0.5374901341752171}}