{"other": {"corr": 582.0, "wrong": 342.0, "acc": 0.6298701298701299}, "total": {"corr": 582.0, "wrong": 342.0, "acc": 0.6298701298701299}}