{"philosophy": {"corr": 268.0, "wrong": 220.0, "acc": 0.5491803278688525}, "total": {"corr": 268.0, "wrong": 220.0, "acc": 0.5491803278688525}}