{"physics": {"corr": 701.0, "wrong": 598.0, "acc": 0.5396458814472671}, "total": {"corr": 701.0, "wrong": 598.0, "acc": 0.5396458814472671}}