{"psychology": {"corr": 527.0, "wrong": 269.0, "acc": 0.6620603015075377}, "total": {"corr": 527.0, "wrong": 269.0, "acc": 0.6620603015075377}}