{"biology": {"corr": 622.0, "wrong": 95.0, "acc": 0.8675034867503487}, "total": {"corr": 622.0, "wrong": 95.0, "acc": 0.8675034867503487}}