{"business": {"corr": 620.0, "wrong": 169.0, "acc": 0.7858048162230672}, "total": {"corr": 620.0, "wrong": 169.0, "acc": 0.7858048162230672}}