{"chemistry": {"corr": 837.0, "wrong": 295.0, "acc": 0.7393992932862191}, "total": {"corr": 837.0, "wrong": 295.0, "acc": 0.7393992932862191}}