{"computer science": {"corr": 321.0, "wrong": 89.0, "acc": 0.7829268292682927}, "total": {"corr": 321.0, "wrong": 89.0, "acc": 0.7829268292682927}}