{"economics": {"corr": 682.0, "wrong": 162.0, "acc": 0.8080568720379147}, "total": {"corr": 682.0, "wrong": 162.0, "acc": 0.8080568720379147}}