{"engineering": {"corr": 533.0, "wrong": 436.0, "acc": 0.5500515995872033}, "total": {"corr": 533.0, "wrong": 436.0, "acc": 0.5500515995872033}}