{"health": {"corr": 590.0, "wrong": 228.0, "acc": 0.7212713936430318}, "total": {"corr": 590.0, "wrong": 228.0, "acc": 0.7212713936430318}}