{"law": {"corr": 562.0, "wrong": 539.0, "acc": 0.5104450499545867}, "total": {"corr": 562.0, "wrong": 539.0, "acc": 0.5104450499545867}}