{"math": {"corr": 1028.0, "wrong": 323.0, "acc": 0.7609178386380459}, "total": {"corr": 1028.0, "wrong": 323.0, "acc": 0.7609178386380459}}