{"other": {"corr": 716.0, "wrong": 208.0, "acc": 0.7748917748917749}, "total": {"corr": 716.0, "wrong": 208.0, "acc": 0.7748917748917749}}