{"philosophy": {"corr": 350.0, "wrong": 149.0, "acc": 0.7014028056112225}, "total": {"corr": 350.0, "wrong": 149.0, "acc": 0.7014028056112225}}