{"physics": {"corr": 970.0, "wrong": 329.0, "acc": 0.7467282525019245}, "total": {"corr": 970.0, "wrong": 329.0, "acc": 0.7467282525019245}}