{"psychology": {"corr": 632.0, "wrong": 166.0, "acc": 0.7919799498746867}, "total": {"corr": 632.0, "wrong": 166.0, "acc": 0.7919799498746867}}